-3.795053449493931641e+00,6.700063583049860938e+00,2.932109879415118581e+00,5.472363715545854213e+00,-5.491120326206866409e-01,-1.429584125886016466e+00,3.538790405085650015e-01,-2.214068418481076161e+00
4.452218358551480293e+00,-3.037699441039604098e-01,2.802496440883688322e+00,-1.110020007760394334e+00,9.156815206813487817e-01,1.619328208275557124e+00,6.406770833446461255e-01,-1.939239395380043529e+00
-4.732291183516450062e+00,5.819253696343380966e+00,2.810020148582521138e+00,1.974518212511422677e+00,1.589582561267622318e-01,-7.641999270353278841e-03,8.185355950488369670e-02,-1.906950331284140931e+00
3.858752889196169988e+00,-1.105632132165383696e+00,-8.128011022638613747e-01,-1.531992296017164579e+00,5.656957782364461368e-02,5.331916101286398035e-01,-6.941843739110554745e-01,-3.812296070969647399e-01
2.777532593189160348e+00,1.569652709717358485e+00,1.336948144861796584e+00,-1.989485193859958034e+00,2.721185877663521158e-01,7.630481194554673552e-01,2.934821461898070361e+00,-2.621723484394727355e-01
1.704356008792661692e+00,-2.608631310396933412e+00,-1.328460958253050217e+00,2.547593168160844357e+00,-4.991226734188404790e-01,6.109730178304128012e-01,-6.709311420240384738e-01,4.049123758422320529e-01
-3.378793779275057751e-01,-2.177257067147039926e+00,-9.911961093781902488e-01,-2.060985674852623628e+00,1.018781311120574795e+00,9.890087811915047877e-02,-2.321190117501401029e-01,-1.042147827293563367e+00
4.490526288209839012e-01,-1.100867258008249028e+00,-5.381099615056438301e-01,-5.333992899999004944e-01,3.060641802192705652e-01,6.398125557894570603e-01,-1.983534022622089887e-01,-6.584197890502153649e-01
-1.607141552644923976e+00,8.285323340972469697e-02,-5.449004404593613682e-01,-7.104204854048823403e-02,1.190003183463355985e+00,5.039853464583490261e-01,1.048684769373912307e+00,-7.671664514805714985e-01
-9.675006712998381886e+00,-1.639436721744137182e-01,-1.942594094965874651e+00,-1.188922549352097180e+00,-1.490753125691623104e+00,1.008780843116980019e+00,6.246054965994032870e-02,1.886839187472606039e+00
8.455767537141869461e-01,1.887534671374731632e+00,-1.074046607866906866e+00,-2.486985180762829373e+00,4.539955621813866055e-02,-5.641894931741796987e-02,-3.245552244069178083e-01,-3.061113081389386648e-01
-4.971826813608368312e+00,-3.270691050018835533e+00,-3.001477477350279699e+00,-5.917376293221107142e-01,1.849086157364429051e+00,5.246733569356495375e-01,-1.441343194152296725e+00,2.711302707579211213e-01
-5.421558291208253166e+00,-4.856175453223829486e+00,2.242922856971066636e+00,-1.649417593216097266e+00,-9.361099929398854158e+00,-5.421635545140579993e+00,6.054926307858563561e-01,-2.661879226639265905e+00
4.759899751265369017e-01,-2.142755894751874557e+00,-7.391832803617267578e-01,2.525310247029791677e-01,1.978451263614918298e+00,-4.504314894146262405e-01,1.198119067639019653e+00,6.369835730686154163e-01
1.828072479617559365e+00,-1.886675030626792759e+00,-1.391603926837635008e+00,2.084007944855633954e-01,2.060140715038629278e+00,-1.181573271371376022e+00,1.661518528187180710e+00,-4.132661475851604482e-01
3.796320633256034860e+00,3.112946629893454276e+00,2.264751508021350279e+00,5.842506543593170676e+00,4.246763694359134256e+00,-2.269364972465795383e+00,3.098883198677223394e+00,-3.456357445774117743e+00
-2.375969911547372249e+00,1.505430721222198232e+00,-3.318877423501939372e+00,-2.226888894305627531e+00,1.046035073496280443e+00,2.745557757665553211e-01,-8.504129461478544538e-01,8.171275677974529361e-02
2.504014386673495185e+00,-4.007955874646015104e+00,-5.706119611693629690e-01,1.134079991041860414e+00,2.358660908060868699e+00,-1.816103027295408456e-01,1.443445727600509154e-01,-8.213183822453613558e-01
1.821688792265982348e+00,7.589586022566954804e-02,-1.284875806111541729e+00,-2.151787592454795561e+00,9.172959463026433280e-01,-3.631045044818870804e-01,1.156218007070346498e+00,-3.682676444832047591e-01
5.432979110719132976e+00,-6.827556740689862735e+00,-1.065463336826945717e+00,6.266000728492981509e+00,1.676306558678883007e+00,-9.744421723955282166e-01,-9.115878499748234498e-01,-1.146702738680053457e+00
1.546355554061669690e-01,-1.498834574393350882e+00,-2.560628552128112911e+00,2.263990186809650140e+00,1.585001389706757635e+00,5.458708024247307389e-01,1.482328134368374739e-01,5.937095618237990813e-01
-1.330861415408417736e+00,3.281286067893259606e+00,-1.187087972246443135e+00,1.023953565130372029e-01,2.602679364659961636e-01,1.167020154288742395e+00,-1.740021775423158168e+00,2.209613977174892385e-01
-3.324565537519930114e+00,1.216966361223689619e+00,-8.956529298001550399e-02,1.144927501741121789e+00,-2.298547626567717106e-01,-2.368516154874092117e-01,2.809533902398023142e-01,-1.217466483661711507e+00
-6.013538694397029261e-01,-6.314357385757960461e-01,-1.360146987188249446e+00,4.234643250686709326e-01,-1.235127454037473926e+00,-1.217908695191901813e+00,-5.447505425120298117e-01,1.084161070885293787e+00
-2.396654023911874098e+00,-6.393759335836445956e+00,1.084853826388187503e+00,2.159883122668748712e+00,3.210403360947813312e+00,1.404493848524492328e-01,3.080873625856647147e-01,-9.025679647470747913e-01
1.514522952599477890e+00,2.487085363271687388e+00,-1.689084009317324275e-01,3.162255098334451286e+00,-4.808264050833836040e-02,-4.908122649017113703e-01,1.382806451275040649e+00,8.394680562035782279e-01
8.479968045285612988e+00,-5.174221790447218972e+00,1.031072591659391691e+01,-6.331495119195877486e+00,-5.414014332703294130e+00,9.023657081645465539e+00,4.467640529128336091e+00,-5.543503436877321278e+00
5.698549783981036398e+00,-2.679579664196883648e+00,5.304222699340591873e+00,-9.334942273342022867e-01,1.433665416843455387e-01,-3.791163544272486280e-02,-4.978933629544665784e+00,-5.386347394234155539e-01
3.346126586597079733e+00,-5.169244335231155674e+00,-7.582728275168869603e-01,2.514171805442015462e+00,-2.353446279656518758e+00,-1.087271227418099784e+00,-2.277105762182089155e+00,-3.612759525905406832e-01
-1.213638126282689456e+01,1.346646901283246600e-01,-1.878753910305724695e+00,-1.985780050905679772e+00,-9.769233423934337024e-01,5.993087019099870849e-01,2.529032059655207387e-01,1.137732920550716509e+00
-2.389472365435200363e+00,5.691117562028834564e-01,-3.082685885883953869e+00,2.146475147149572660e+00,8.136196851814809783e-01,1.229706255143245608e+00,6.116435873960535119e-01,4.273765258392567823e-01
-6.605824003917700971e+00,2.509950039698049640e+00,4.275617075434752223e-01,2.089525107289228689e+00,-1.186299977084129154e+00,-2.704517090201224994e-02,-1.201839460983639279e-01,1.647082067497778746e-01
-1.305069138100215964e+00,3.710477922327153788e+00,6.195953499540653997e-01,5.843910936402182399e-01,-4.293534877450836396e-01,-6.396233057812039657e-01,-2.199059241682269350e-01,-7.283068991430270422e-01
-4.810457226106571227e+00,-1.801348487550560984e+00,8.640972055751341419e-01,-3.439470401888597095e+00,2.276030848539669360e-01,2.317931048085744461e+00,1.432023805375839620e+00,-1.854267679921987710e+00
-3.292543861537597927e+00,1.923984142636524730e+00,-1.201640291497041435e+00,1.182800386883434918e+00,-1.136519355504886919e+00,-7.792522254592988418e-01,4.184901232354701350e-01,1.100457947620500310e+00
-1.228160372900693353e+00,2.318758459293268626e+00,-1.423116198306301206e+00,-1.831963012078932973e+00,3.999686181047507616e-01,-7.062799621206782286e-01,1.625499611775783393e+00,7.415431022870295763e-01
3.576433768071957120e-01,3.254104720603123724e+00,-1.993976085236024709e-01,-8.245990994670888696e-01,-1.506554189404616939e-01,-9.421085241276506705e-01,1.458085589798840120e-01,-2.562251603626129470e-01
2.294865098276080762e+00,3.992922789135127104e+00,2.032205795859757469e+00,1.289939367324775210e+00,-2.185944760265388920e-01,4.960464446931059368e-01,-6.337733722614365961e-01,-9.598789075153726369e-01
6.310251496391900083e+00,1.915762211845878360e+00,-1.304446816114530172e+00,-8.450945537111586026e-01,-1.884401829690685037e-01,2.505336296593222434e-01,-3.363082330770460482e-01,2.695205901207067822e-01
9.173083851021444080e-01,-5.842639133787767003e-01,-1.676855903282590488e+00,-2.261955266880259163e+00,-8.214202579183321751e-01,4.525439770077382962e-01,-8.891144077641707222e-01,7.809755867947877350e-01
-4.212655921449043883e-01,2.940086161732631265e+00,-1.323039088606763336e+00,-2.529807573612268268e-01,6.575249499593932567e-01,7.880293416384204219e-01,-1.846122240974779283e+00,-3.351291114678637828e-01
-6.475026045200805713e-01,3.036908637023106650e+00,-1.533845106095201416e+00,-4.783590738740065018e-02,2.422493817089315937e-01,4.281218740552399926e-01,-1.514327242725443057e+00,-9.010967790096077734e-02
4.579269644166670400e-02,1.999446533262278392e+00,-1.029738586519711951e+00,-1.013523541740622314e+00,7.235014214709341029e-01,-1.257611733449992331e+00,1.647260607565648849e+00,9.612634259727452779e-01
3.783735252465078580e-01,3.976631930301695483e+00,1.393579008087281190e+00,-3.284827047583683823e-01,-2.043940452470769664e-01,2.878487211346147934e-01,4.862561691883588444e-01,-9.376055867162185198e-01
-2.172884650057129718e-01,3.711630435808393469e-01,-2.547195265644751627e-01,-2.518471507662465747e+00,1.290895605366669363e+00,8.783731601605995198e-01,-7.007161445950680356e-01,-1.122423679112376504e+00
3.562099099939601832e+00,3.838511650182858226e+00,7.460875382346021656e-01,5.497099054657164086e-01,7.142101757087385705e-01,-1.469736194498176385e+00,1.032075440421001744e+00,-8.174076985009254281e-01
-2.160122975096562037e+00,-3.838210054300434937e+00,-1.380364963001300183e+00,2.313376545355412539e-02,-4.042807099869910048e-01,-4.770608922427284626e-01,-1.028251761880697668e+00,1.689471611892937319e-01
-1.089049746431396626e+00,1.064164568138810996e+00,-2.524168345754131959e+00,-8.266006729856645308e-01,9.697200100485992014e-01,4.903406139958113585e-01,-9.135674548897467773e-01,7.567077469645961951e-01
3.854727694402915184e-01,-1.887513766228517964e+00,-7.580862784170596669e-01,-1.391844277903528271e+00,-1.913930772370308828e-02,1.017133217299977188e+00,-7.185717383144510917e-01,1.538132552769238826e-01
-4.928219306150873891e+00,-1.847500348025589378e+00,-1.497911104056888654e+00,-1.000657030444275675e+00,-1.166963582812662326e+00,-1.347191149843397939e+00,3.192145302200694035e-01,-1.467236504426278620e-01
-3.381443845366181922e+00,-5.350145589490034936e+00,5.226484868324369204e-01,-4.670177065681992423e-01,7.819493111706284916e-01,1.736767151888154004e+00,1.440426586607232162e-01,-2.753762450590915845e-01
-1.388576378757512830e-01,1.299254928000523224e+00,-2.943481534937185007e+00,-5.103148046353794126e-03,-1.335574771517949455e-01,1.036804286068783165e+00,-2.706671037072975322e-02,8.467107909949911360e-02
-3.757237253937758759e+00,-8.923349137436593637e+00,5.314957229455973264e-01,3.852386549800075333e+00,-5.550664231069165844e+00,-2.437751655658733085e+00,-3.310375166361188004e+00,2.816383002532173996e-01
5.230162946945711155e+00,2.652166134540046016e+00,4.164533512115057290e-01,1.435848529815295649e-01,-1.139291460658803379e+00,-2.214371513757060206e-01,-6.155100788303022874e-01,1.468633331408292886e+00
-5.689695554739906846e+00,1.250291490304560105e+00,-1.300868171073665147e+00,-2.525102152131922573e+00,-4.955247055074020468e-02,4.728573683908503522e-01,6.701754486399016386e-01,-2.688939895344540920e-01
-6.816404556517318802e+00,4.237387499482532682e+00,1.451261873468853381e+00,-4.182703016356565939e-01,1.382607203576776134e-01,6.520510415622295455e-03,-1.472724250493118392e+00,-1.449789695025475167e+00
1.167215856818126118e+00,-1.316775616774610302e+00,2.435220552382198478e-01,-1.291450186864600447e+00,1.632384378297561778e+00,9.393492316939335840e-01,-2.426290173533189876e-01,-1.396879098746514059e+00
1.518844764237923695e+00,1.150812309879734041e+00,-1.219226434839103312e+00,-9.367301507963510243e-01,-9.070331113340130980e-01,-7.352676013123757293e-02,-3.922482581915657240e-01,9.668313576810206866e-01
5.400951221089272281e+00,2.277243566020727084e+00,-1.655260681064314010e+00,-6.249026499534183765e-01,5.049555387108197596e-02,3.657131800905569774e-01,-1.321971083827092164e+00,-7.437824034270283657e-02
2.967536368529015700e+00,-5.634859673596289698e-01,1.752735652315084991e+00,8.925203901237411808e-01,-6.051667091202519444e+00,-3.835854862104750129e+00,-2.800121975014151499e-01,-2.302609571159375257e+00
6.377746327423877482e+00,-2.901149916719147348e-01,-1.404952031135950907e+00,2.799079950713458387e-01,6.449295323337008723e-01,8.640817153319958477e-01,-1.348830846065091515e+00,3.392754605656059241e-01
6.689423044663886486e+00,2.855238765800140577e+00,1.094618010643593431e+00,-2.009781466450724974e+00,-8.916994853388688913e-01,-5.175875476404703690e+00,5.628917095401984483e+00,5.377851008474225480e+00
5.151696008725237697e+00,2.380442709044867655e+00,-1.466328914037383191e+00,-3.148123132047447870e-01,2.357682663158708614e-01,1.813116542509272677e-01,-1.341339275777075901e+00,-2.152502950990961839e-01
-2.450974183758150904e+00,2.984126398787855017e+00,-1.296339897806830788e-01,-1.579339942078926473e+00,1.100879545707791809e-03,-5.405553065152991499e-01,-4.143699534811979279e-01,-5.744712895424709531e-01
1.448769761321394967e+01,1.460407894912651772e+00,-1.937992620058154092e+00,-2.235007433846217584e+00,4.474200578032489495e-01,-1.028990978032453096e+00,-4.204698593663113715e-01,-2.249893614444015144e-01
3.854615994782046418e+00,3.847705367234252272e+00,1.205685089157159773e+00,5.269846383546030744e-01,-2.037196641275321532e-02,4.800373558893461512e-02,-6.154724187564747373e-01,-3.576887551165063295e-01
6.570886499720850260e+00,6.648556468430846800e-02,-3.647550572530513513e-01,-1.186904607696459779e+00,6.510148390635362992e-01,2.312339769898830166e-01,-8.186851719967129792e-01,-8.097588466861103118e-01
6.020729464969342137e-01,4.424077697732793357e-01,-1.011601145004016766e+00,-5.929963760829770614e-01,-1.330694402526051423e+00,-6.312402591661637752e-01,8.698316387320336185e-01,-4.726619756115441051e-02
1.448769761321394967e+01,1.460407894912651772e+00,-1.937992620058154092e+00,-2.235007433846217584e+00,4.474200578032489495e-01,-1.028990978032453096e+00,-4.204698593663113715e-01,-2.249893614444015144e-01
5.180670721333783035e+00,1.597904815857876137e+00,-1.053804623626069636e+00,-2.367747015803641997e+00,1.080823675079468416e+00,-1.489281749262154619e+00,2.035802192744280870e+00,3.879848077752375279e-01
1.002546910052663387e+00,-7.492338702932979100e-01,-1.541976204516083415e+00,9.769778256490430079e-01,7.584305162340476691e-01,-1.614875665533433313e+00,1.802388373548285294e+00,6.009194183143931056e-01
-2.468822128943497951e+00,2.172822396106119491e+00,-6.306469516269082032e-01,-1.425272835087364465e+00,-3.322265499067243999e-01,7.636652084954798081e-01,-2.594361045405987332e-01,-6.616091360576323299e-02
-1.941566658584546745e-01,-4.680669595017080020e+00,-1.363021678035660322e+00,9.988837192357430395e-01,2.204352055284228840e+00,4.688620043839200613e-01,-1.415554513011042070e+00,-1.966492804605879385e-01
5.498163717109384230e+00,3.918828560102688652e+00,1.430540215483521838e+00,6.392519804790907090e-01,-7.139293150197963955e-01,-3.033842661429685950e-01,1.030690731508194125e+00,5.117131897622683168e-01
-1.931721101365367343e-01,-1.292521790178006169e+00,-2.747638231426092315e+00,6.137673038922085711e-01,1.035832289051770161e+00,3.109984659441408783e-01,-8.417996873517770151e-01,-8.706040124680178294e-02
-1.007084666605755352e+00,-3.814032760758906182e+00,5.144062888125539024e-01,-3.472476580415669867e-01,1.346129360835588207e+00,7.684696350359757622e-01,-4.183189074164969101e-01,-5.195862970078751752e-01
5.443346821303144623e+00,-7.434258724885111080e-01,-2.313598518930380377e-01,2.605987795377810112e+00,-1.084191996575909478e+00,-1.494410812079180362e+00,-2.040859517850804328e-01,3.852887398107184502e+00
-1.208666074819596314e+00,2.177046490412537505e+00,3.204988142457411704e-01,-2.082388770069004025e+00,1.983953072051752198e+00,-2.603543660825974104e+00,4.124459420355843342e+00,3.491874796449701002e-01
-6.676514826950528114e-01,3.058193190288542418e+00,-5.671333477187748828e-01,5.895496291881017203e-01,7.177385636563216043e-01,-1.497823315042452197e-01,5.730026996783926796e-01,-4.196225512779311329e-02
2.754295077102271616e+00,-3.435313300107007972e-01,2.640770162933467446e+00,1.159941143915813155e+00,-5.675449451146271862e+00,-3.457866718396734207e+00,1.828761638483536456e-01,-2.646243492648970186e+00
1.394029637636351016e+00,-2.103710299524830241e+00,-1.896229799766841584e+00,2.812961531304590146e+00,1.837993973769872502e+00,4.873061772733519592e-01,-4.672793793463075329e-01,-4.443186216090669327e-01
-7.444238639189623363e+00,3.117216963160298171e+00,3.989997850123692680e-01,-1.361883166291027791e+00,-6.012907911725366983e-01,-2.756024497631171521e-01,3.584104300141278954e-02,-1.693135011919285060e-01
-7.259033946983195484e-01,-2.797549378753358518e+00,-1.408910535420095478e+00,2.091792597874181647e-01,-8.913757638691791607e-01,-5.290643541484364443e-01,-7.951024830904300789e-01,4.916870268650003761e-01
-2.191321052127348068e+00,3.259428984417056085e+00,7.083692556170813059e-01,-1.334891811778814219e+00,-2.098963397044258106e-01,7.165668353898528853e-01,-1.307407727434169553e+00,-2.243646142284157208e-01
1.269420464965993478e+00,2.395844000201571067e+00,-7.461248514566116707e-01,-1.674657506698634668e+00,-2.139033832622299625e-01,-2.430481971190862067e-02,-4.105493573655686346e-01,-4.880479383185828968e-02
1.926347480093004938e+00,-4.721182692979009610e-01,-4.815713094250940185e-01,-9.091197755317856899e-01,1.325181142110236632e+00,1.277782087621346152e+00,-3.003763899880925181e-01,-1.225978861584181345e+00
-2.296211560256623818e-01,-1.842273671484107034e+00,1.311271650931082333e-01,-2.189179472639916302e+00,-3.650074348798145740e-01,1.063835669796515226e+00,-5.320512456946139279e-01,2.541679339275407234e-01
7.065099831580932965e-02,-2.067104829396811727e+00,-6.408793864371803428e-01,-6.294174263185269291e-01,1.301170830460598449e+00,-6.001215306289856694e-02,2.899415085835895661e-02,5.516957602173711006e-01
3.265493075542783785e+00,2.072053306518292004e+00,-7.511610988632068109e-01,-1.815447301426978965e+00,1.289144592212467244e-01,3.173128535698774288e-01,-1.313425350465957875e+00,-6.913403265601260062e-01
-3.555570977986538761e+00,2.838898802448379222e+00,2.384383834078465725e+01,-3.897699806583546867e+00,3.480886735503537111e+00,4.160492813071652307e+00,-8.006074285989241091e+00,6.603679270129893197e+00
1.997984314119310323e+00,1.889806904784863795e+00,8.666322208966958929e-02,-2.319848611227283364e+00,3.227658388855507710e-01,7.185806332744960612e-01,-5.492176873236349621e-01,-9.456028336571128401e-01
-6.835773053860880744e+00,-1.599144279647685130e-01,-3.722130784770702583e+00,-2.319421386586681066e+00,1.271445520309028687e+00,1.088908637122982581e+00,-7.064659271398935347e-01,4.750702586968206242e-01
4.856660233973849827e+00,-1.010905365220779312e-01,-7.106874932570937942e-01,7.290768194725150142e-01,1.330393825879524927e+00,4.294189571726527155e-01,4.969846439725577047e-01,-2.964529404754262520e-01
9.353151790841959468e+00,-4.522625132820749627e+00,8.403793314353741550e+00,-6.119610649549263925e+00,-4.410416031964665251e+00,7.560448335697981470e+00,3.422600855557409893e+00,-4.781892181825543098e+00
1.652338830955698556e+00,-6.293541846078243296e-01,-1.335173062120391885e+00,-1.048651679831066996e+00,-2.238830935362980945e-01,6.046896528248589808e-01,-6.044696752404276063e-01,6.515575958147330482e-01
-1.387054477969932975e+00,-5.433609214639429918e-01,-3.011369350614412799e+00,3.055589690155430471e+00,1.670843038514895573e+00,1.356073599508521577e+00,4.166009825437701486e-01,-8.009538832362550487e-01
1.812005819510091945e-02,-2.599713825817509427e+00,1.184805759029735173e+00,-1.236860363675337471e+00,2.018287565616146750e+00,3.151913976334930756e-01,2.224769472002054438e-01,-1.482811631834477728e+00
-9.241019449872432956e-01,-3.619849867282630473e+00,5.913492402941109560e-01,-7.686543367513818392e-01,1.083980110588543599e+00,9.587284468211976218e-01,-6.026899583059507348e-01,-9.789311118340272844e-02
-1.530897263717353241e+00,-3.604544233144234333e+00,-5.672168768312926268e-01,7.161169117540874263e-01,1.650952230037104229e+00,1.752077265934471884e-01,5.130605816368795091e-01,1.574676804372408256e-01
-2.085666655107696332e+00,4.802847884396398648e+00,1.384743123555364774e-01,2.086523059521353751e+00,-1.344690453042532430e-01,5.555916143411879782e-01,-4.070016393438608548e-01,6.541250846046973155e-01
8.085765636649624444e-01,-4.369488282785228606e+00,-9.623182420326997777e-01,1.276807467510394201e+00,1.484984143278745394e+00,6.890844306991977808e-01,-1.314314669338957575e+00,2.915063019702182068e-01
6.824672028143612401e+00,3.145077848285188771e-01,-2.630237029115513048e-01,4.147022726356366817e+00,1.970074681110820791e-01,1.517676791160438521e+00,1.363160243627258517e+00,1.323573045507154156e+00
-1.277401502445102821e+01,4.115003431098466002e+00,-9.723757484898380710e-02,1.345650066808318890e+00,-1.417098087561493580e+00,1.013480605478484398e+00,1.581427197277032404e+00,-1.089120221706843944e-01
-5.529600728612629190e+00,-4.454111753187154576e+00,3.042450759336753130e+00,-1.242958254199368895e+00,-9.352774152148331410e+00,-5.276098570834857782e+00,-2.123167331975633343e-01,-2.522605532931875505e+00
1.010804734862722931e+01,-1.602233373493434865e+00,3.262162935377022066e+00,-1.235080360357039941e+00,4.544170658406179730e-01,7.363511084477805113e-01,-1.106007416680479527e-01,-2.648360271863212656e-01
-9.378749655294258414e-01,-2.475779383875740258e+00,-1.504712157499579650e+00,2.665246028178028581e+00,7.409608785559139710e-01,6.379313229177266953e-01,3.722639624405645331e-01,1.795665927489420222e+00
5.183437622920631371e-01,1.730200958639306619e-01,-1.091253055602701139e+00,2.050084572395084459e-01,-6.802069839988494904e-01,-1.015167061261309511e+00,-3.204865959771577288e-01,-9.491132670360155621e-02
2.846372386236091678e+00,-1.508578098243516630e+00,5.182425117575064633e-01,-1.826673565501746033e-01,5.751652223425360866e-01,3.609629574236380284e-02,-3.592364136653465878e-01,-1.122543675083676584e+00
2.749796115220735526e+00,3.309887200011680797e+00,6.176511666078949858e-01,2.541817973028158706e-01,9.000289373451725305e-02,-5.513953328593153014e-01,-2.773060801102566475e-01,-6.349740085821282964e-02
1.011716707974256124e+01,1.371565735941454867e-01,4.269680415033120902e+00,6.047430061360117293e+00,-4.716018401210465782e+00,-2.097650536714362524e+00,-5.573732730685706294e+00,-7.378150303380697217e-01
-7.977779352614733366e-01,1.649152897764875059e+00,-1.395174544784429926e+00,-2.033882277289645213e+00,6.532681457028861882e-02,-6.666641209869524076e-02,-1.083551770532115328e-02,-4.868818529505936632e-01
2.068437505877016136e+00,-1.621135683881854417e-01,-1.102754433231513564e+00,8.750776361778997980e-01,6.735847591015564628e-01,2.450439340177673064e-01,1.684975444703229019e+00,-5.543466563152131821e-01
4.418247262757159177e+00,-1.085310458539198386e+00,1.763313211918236201e+00,1.283135651123193388e-01,-3.955052949383619953e+00,-2.549018669572119311e+00,-4.812277953711087131e-01,-1.940312194709983507e+00
1.448769761321394967e+01,1.460407894912651772e+00,-1.937992620058154092e+00,-2.235007433846217584e+00,4.474200578032489495e-01,-1.028990978032453096e+00,-4.204698593663113715e-01,-2.249893614444015144e-01
1.132222664106165233e+00,7.294879923893735629e-01,-1.317341090374412937e+00,-1.366280097723613585e+00,1.019697721119453560e-01,3.099821639746461743e-01,5.352867402386628504e-01,-2.493565769106211982e-03
2.118843610810185574e+00,1.637734813390968380e+00,4.023367514098693531e-01,-2.880112705858939304e+00,3.842677150655144924e-01,-8.594953415596724433e-01,3.345653932547317577e+00,-1.242071967609133243e-01
1.354337663034494765e+00,-1.027938082603915504e+00,8.273811165393830436e+00,-1.883713524853085630e+00,3.142835360144859980e+00,-3.832314060166793102e+00,1.108375041314593190e+00,3.168732058058270962e+00
-1.311627374807200930e+00,-2.392464827351462375e+00,1.573757406188772245e+00,-3.045234597445882208e-01,1.251098647501165173e+00,1.305364750921192751e+00,1.475373127941506934e-01,-1.394402531812877877e+00
1.975691456267243629e+00,-1.495304392398046467e+00,8.451285898992495493e-01,-5.243885622615389597e-01,-6.446543269147294586e-01,2.787308789872230408e-01,-3.130695262477622420e-01,6.750996703641900520e-01
3.346126586597079733e+00,-5.169244335231155674e+00,-7.582728275168869603e-01,2.514171805442015462e+00,-2.353446279656518758e+00,-1.087271227418099784e+00,-2.277105762182089155e+00,-3.612759525905406832e-01
-4.935392457539983790e-01,-9.316562778204493522e-01,-2.767541090064899123e+00,2.041298617746149180e+00,-2.299614865252325724e-01,5.075515710741388409e-01,-6.802701198602908450e-01,5.110998073126400421e-01
2.141571353094730235e+00,-5.642337822931921210e+00,1.371853635537617855e+00,1.309106250196286902e+00,2.070545777611749738e+00,6.646439720918083660e-01,-9.512492422068726805e-01,-1.105808948558604232e+00
-4.313677407991017176e+00,7.343340474403928786e-01,-6.589162253662880220e-01,-1.539240941450292555e+00,-1.298525159114287120e-01,-1.644757589528840769e-01,1.241956268172879213e-01,1.204121749469092423e-01
2.208464459460832696e+00,-1.608099999330776075e+00,1.609437989702589444e+00,5.982774268728383582e-01,1.309243046289641388e+00,1.310404961462418472e+00,-3.636013256017089912e-01,-6.165429376755763302e-01
-2.671448552329899417e+00,2.100697533057000133e+00,-5.670904191372899694e-01,-2.626203074322968067e-01,-7.220043551872750154e-01,-1.141597611594211137e-02,-2.044935451725706788e-01,-6.051308586921607668e-01
-2.657995543435565988e+00,2.701167409166378874e+00,1.187570881801643052e+00,-1.845546021177479901e+00,-1.905416807474568319e+00,9.460237062187895063e-01,-2.745493228289221932e-01,2.506578079401577952e+00
3.306975280858790889e+00,3.254153737799974966e+00,6.792987185294002694e-01,6.216046910994911245e-01,4.580281281033548035e-01,-1.554705664129950593e+00,1.008018406208545992e+00,-5.605964818459653332e-01
-2.881719986881781992e+00,2.774962828670377579e+00,-1.115804945537334503e-01,-1.771242030813623636e+00,2.852512320889551423e-01,3.528432090821952971e-01,9.343532580729997650e-02,3.107417492436904682e-01
2.040329336321311082e+00,1.985699176468730398e-01,-1.477565657285648149e+00,1.713265533564885423e+00,8.631328118956816953e-01,-8.196500960212712572e-01,2.035807071615003405e+00,-3.218544780082921997e-01
-2.223600138523715852e+00,-3.708192162430443695e+00,-1.304674434651922565e+00,1.825953002018758653e+00,-5.075585753805457179e-01,6.505987166450398762e-01,-1.081106586213284482e+00,9.204126275737878338e-01
2.367474895800992574e+00,4.650912993948800533e+00,1.679674679301127460e+00,2.028303126884539953e+00,8.604281838584987296e-02,-7.262958377630938100e-01,-1.824819086701418569e-01,-2.092114417839614493e+00
-1.353367703049039639e+00,-3.950177516723294424e+00,-1.548734711676038045e-01,6.252887195840802770e-01,2.441136286411895284e+00,-1.074114304847007539e-01,1.443058748946158543e-01,-1.179441021889204411e+00
4.160713595742196347e+00,-5.593473641134305563e-01,-1.719324772720549899e-01,1.495252419052553794e+00,-9.668503467912431537e-01,3.078891963375321450e-01,2.439484529320664619e-01,-3.460078033637006834e-01
-2.263847930329900837e+00,-2.546678180538383351e+00,-3.245678364221672718e-02,-8.827898218988898815e-01,1.616624642112625576e+00,5.504768722993343966e-01,-2.701077818716503542e-01,-1.160891282460929430e+00
3.399105354691329683e+00,-9.772964848995809861e-01,4.063510419832740972e-01,-1.342572128151467425e-01,1.430412426693601358e+00,1.326311916569246963e+00,-5.017414404101244729e-01,-1.117143148154710719e+00
-1.715364692616892839e+00,2.607737076806155851e+00,-1.001894152357174939e+00,-1.318515346717139769e+00,-2.430744834717259995e-01,5.527632299884503025e-02,-5.231471719285597094e-02,2.268911187747149616e-01
-1.647540292210824653e+00,-4.360394624077724934e+00,6.532532647363050726e-01,-3.714477920285031987e-01,1.667916708091722100e+00,4.114454790322975009e-01,-2.171501722408411272e-01,-1.339213450997206012e+00
-1.061571024438365995e+01,-1.012172062345446877e+00,-5.532439416046863734e-01,-3.029130024411981204e-01,-3.415430880018083037e+00,-5.305741994222248209e-02,5.364396323534692534e-01,3.922062952397052715e+00
-4.732967120568583042e+00,3.058940881408611201e+00,-2.334416211787504025e+00,-2.546481862331534396e-01,7.183374749905662160e-01,3.536632689889664949e-01,-9.130002877472424005e-01,-7.397998258104201419e-01
5.256793423259233045e+00,1.760761093578033787e+00,-2.417338291609149259e+00,-9.602216367474264436e-01,2.612037977362988705e-01,5.421215501213396681e-01,-9.494896901943465917e-01,3.580550535883462171e-01
-1.143647115035722983e+01,-1.525524216844485581e+00,-3.590319449506273131e+00,-2.083204193387168779e+00,-5.209454138335930518e-01,-5.154368363605524861e-01,2.183184552385170341e-01,8.923047241941689522e-01
1.599662840645172279e+00,-3.047094197311010166e+00,2.577666618108359065e-01,-1.672022927204371179e+00,9.625290809928863656e-01,9.721164879432558914e-01,-3.825754920184964436e-01,-1.176141158196655656e+00
1.678274487180337449e+00,-3.580135724200622427e+00,-1.665834205696613279e-01,7.742984180962861340e-02,1.730434626368471784e+00,6.439255528133936979e-01,-4.524481560276504277e-01,-1.242385046976355323e+00
5.462561947391476380e+00,-6.773820307236648741e-01,7.507777521630112361e-01,-1.642930715131039721e+00,2.898845790339425466e-01,1.871087512310995349e+00,1.884915180773673316e-01,-3.850737072623759971e-01
-5.139816761513365861e+00,5.744209783677186820e+00,3.145941584503533228e+00,2.479658763322811765e+00,-6.174380709407105705e-01,4.718044412731915993e-01,-1.065804727725741197e+00,-1.088576971035009500e+00
1.545431135070346240e+00,-8.656152231259141017e-01,6.574720172581252284e-03,-1.121673816208272612e-01,-4.419075382641374783e-01,1.191675220799911061e+00,-1.962444586704405747e-01,3.855261566737345769e-01
-6.695176250677639107e-01,5.697977582870951130e-01,3.017880800326599999e-01,1.152119735257032263e+00,8.976882829980350476e-01,-1.773985883869094449e-01,8.959962317732846904e-01,-3.219034025160179002e-01
-3.375643384294287230e+00,9.225603070781875914e+00,6.976406118805384082e+00,9.140796265852314306e+00,3.209001869771709314e-01,1.544244750400659338e+00,-2.945487790491218227e+00,-3.805062690790378177e+00
-2.624648687700674721e+00,-4.909575382916926412e-01,-1.776300560401943507e+00,1.538876700399743891e+00,4.400889678731707555e-01,7.756423633866426082e-01,1.256001320013304445e+00,8.032503519811786674e-01
1.448769761321394967e+01,1.460407894912651772e+00,-1.937992620058154092e+00,-2.235007433846217584e+00,4.474200578032489495e-01,-1.028990978032453096e+00,-4.204698593663113715e-01,-2.249893614444015144e-01
-6.371925367499482462e+00,-4.675521656682912308e+00,2.146154377590477935e+01,1.448217266909135992e+00,9.721644514927158198e+00,-1.009634286604308606e+01,5.893327797546375812e+00,1.763951584189238364e+00
-1.933676612797099237e+00,-2.573519849390338621e+00,3.524750894600294782e+00,8.558102078877393382e+00,-7.089345198189569430e+00,1.169030835880517927e+01,1.192236713875166387e+01,4.298231404287071733e+00
-4.974756200077167456e+00,3.034622395514964044e+00,1.677047955715960659e-01,-1.693540704600298152e+00,1.170358208611598366e-01,5.997137323435192124e-01,-6.935415338303144717e-01,-6.146244809375139839e-01
4.534516774187363986e+00,1.141976690477009004e+00,-8.437645818279241317e-01,-2.210220986561746148e+00,-5.131297545768097601e-01,2.949333385131233110e-01,-1.066826979418097121e+00,5.223763088604311822e-01
5.566457605035300960e-01,1.573821407226702052e-01,-1.513247066965700327e+00,-2.787949712716830120e-01,1.862697563324815730e+00,8.697192127065065392e-01,6.102137913736832564e-01,-3.557942278501419198e-01
-1.144640535686139993e+00,-2.039606428208594835e+00,-1.542492958130866176e+00,1.897242694754661119e-01,2.095682315628437653e+00,-1.179763170905275160e+00,1.817797374087040563e+00,8.365340015676915320e-01
-2.858310449720170343e+00,-2.845738062901481236e+00,-1.400212253786572436e+00,-1.028229818993218858e+00,-1.086093496348994325e+00,-4.739049341954710420e-02,-1.101665342892744315e+00,1.160731426148805756e+00
-4.440359028931776919e+00,2.503413428069185986e+00,3.183287210990034533e-01,-2.034026158957601638e+00,7.994856688521172483e-01,-1.440526036590376924e+00,1.302702310198468938e+00,5.340652331053424851e-01
4.057890900325071826e+00,3.195041589693313089e+00,8.051434242444459599e-01,8.747307238918311523e-01,4.432178978819155679e-01,8.217128736348902618e-03,-4.583487508940530669e-02,-1.098558791902283005e+00
1.042810033338525511e+00,-4.647146625946829701e+00,-4.249685817765587459e-02,4.023104667203117324e-01,1.615196306221018174e+00,6.664507529754963855e-01,-1.246864113559131404e+00,-3.288206136126243240e-01
1.448769761321394967e+01,1.460407894912651772e+00,-1.937992620058154092e+00,-2.235007433846217584e+00,4.474200578032489495e-01,-1.028990978032453096e+00,-4.204698593663113715e-01,-2.249893614444015144e-01
-1.493877003646851609e+00,-4.016050678787073558e+00,-1.028069856241170532e+00,2.208398755597087426e+00,1.747451254398012743e+00,5.388488631335535128e-01,2.476424889442126465e-01,-1.311540653581188431e+00
4.579269644166670400e-02,1.999446533262278392e+00,-1.029738586519711951e+00,-1.013523541740622314e+00,7.235014214709341029e-01,-1.257611733449992331e+00,1.647260607565648849e+00,9.612634259727452779e-01
-5.223192465981020050e+00,-7.509211959082202625e+00,-2.180965433228804484e-01,1.853030961758622031e+00,-1.284082103173922740e-01,-1.972661733983519516e-01,-1.865343570386805538e+00,4.334905231555165606e-01
6.472970797288603029e-01,-5.126754432888057877e+00,-6.318699483099888825e-01,1.020342302739715379e+00,2.334376903201211384e+00,4.334858895071697638e-01,-1.026733782235273562e+00,-1.164406059831456286e+00
-1.422428354222376967e+01,2.174871653920686043e+00,-8.447874304239836318e-01,-3.544531576285726793e+00,7.913546272034028828e-01,-3.049172022544467398e-01,1.890222497409350888e+00,-8.964313383165517513e-01
-2.149506943061160857e+00,-2.957905241234264349e+00,-1.159288535216422167e+00,9.221744768697188732e-01,8.363468294422233829e-01,-2.455047916291656918e-01,4.376551065674526564e-01,-2.936189370030429791e-01
1.589345458732267957e+00,3.781619585851872856e+00,3.004905345478855461e-01,8.798295168384974441e-02,-1.084485834259511616e+00,5.546122124844810042e-01,-6.838582360003594429e-01,5.890197365565361665e-01
-6.605129254285289520e+00,2.937279509428115443e+00,-2.431113894683516019e+00,-4.456765525965392105e-02,4.410190864990026216e-01,1.645615852790014225e-02,-7.237776372381811152e-01,-6.485883840651469889e-02
6.773818768967293513e-02,1.662073992430286751e+00,9.827506080747242523e-01,2.249813912430317142e+00,8.743291070396440601e-01,-3.101674196534783823e-01,2.833874232100753732e-01,-3.999971389778526620e-01
-4.205151173681969112e+00,-6.425451971157404074e+00,3.593338467979728668e-01,-6.652061973497511160e-02,1.641854102736267418e+00,7.812896759465770558e-01,-1.110145279648146577e+00,-1.143042975817669220e-02
-3.401600431947938041e+00,-8.224209201169362160e+00,2.450393496281276562e+00,7.758874874206269645e-01,2.317808429042386376e+00,7.001181445367155032e-01,-1.390540749134720755e-02,-9.148666795495629112e-01
3.529167380249730090e+00,2.469326434180174612e+00,-8.565248697679224144e-01,-8.118449944665694362e-01,4.529020242880283376e-01,-1.512085678661304389e+00,4.033389076451807220e+00,5.933372081513985652e-01
-2.933585750075237808e+00,4.584205062056713409e+00,2.094597396238967235e+00,1.128638260412236249e+00,-2.714350324784589596e-01,-3.737754582330742870e-01,-1.621268929988178176e+00,-1.415783759062386071e+00
-1.757119983294931576e+00,-2.549347472165119033e+00,-1.222256930713556677e+00,-4.135530584396752141e-01,1.424646021103094684e+00,1.397706190713446928e-01,1.560575250958217419e-01,-1.210754086445345656e+00
1.205513914257925895e-01,8.624882499009490777e-01,-1.610908141822816830e+00,-2.451006803907911369e+00,-3.197793131609237283e-01,4.866841827629828782e-02,-2.892798241332199538e-01,-7.451285350882631831e-02
-2.215218328419289728e-01,4.367035168044712812e+00,1.327724208564563302e+00,1.337101422676525209e+00,-2.830958255519435696e-01,-7.207856317688403347e-02,-7.743911000105384579e-01,-1.764457754464733963e+00
4.489343457423538908e+00,-2.677447635708329540e-02,-8.239743015819820382e-01,-9.677683359222477577e-01,7.475960523988579853e-02,4.320877200955972608e-01,-1.385003072463384166e+00,1.620782724043876716e-02
3.988559461253639693e+00,-1.894070511153287617e+00,2.158019222782336238e-02,-1.510182284356866411e+00,-4.819473545813186988e+00,-2.731591489792897676e+00,-4.161187067075869384e-01,-1.414338076140345457e+00
-1.954443787450215464e-01,-2.529469804412955547e+00,-1.368205239501451009e+00,1.071733068471254935e+00,1.381848588883423767e+00,-7.423991289986363595e-01,9.492518070944132580e-01,9.138289424928991433e-01
-3.764025761790475766e+00,1.977461441647387685e+00,-7.877833272407644971e-01,2.455764655114459627e-01,-9.384436468229698791e-01,-4.628152673235751413e-01,3.154367735808277229e-01,4.045277277897862400e-01
5.857581377462341976e-01,-1.745799236637097129e+00,-1.624051854477547741e+00,9.788679374862748750e-01,7.559597728705408359e-01,1.000589341317810466e-01,-4.416384141498589516e-02,8.427740973656475676e-01
-7.883607183411913688e-01,-3.769915097475422083e+00,-1.334067873953844463e-01,-2.613750228106032636e-01,-5.418035444228552766e-01,-1.292851761044018499e-01,-8.474562478071129279e-01,9.020594045364908053e-01
-5.576217693867160818e+00,2.661681938660824809e+00,-6.818883389949189633e-01,-1.573934820247141708e+00,-5.880381855044469752e-02,8.426758022825191208e-02,-2.499099072836242219e-01,-1.003374193375848877e+00
-4.385028048128662426e-01,-1.587473671786795215e+00,1.334133636842069204e-01,-1.275541921985783533e+00,1.498854114823378714e+00,-4.217302822472242529e-01,2.979861059074967455e-01,-4.030699877812471410e-02
1.448769761321394967e+01,1.460407894912651772e+00,-1.937992620058154092e+00,-2.235007433846217584e+00,4.474200578032489495e-01,-1.028990978032453096e+00,-4.204698593663113715e-01,-2.249893614444015144e-01
1.146030318321309238e+01,2.366399964767389008e+00,3.139759744672238728e+00,-1.712172991638988284e+00,-3.290479081068091727e+00,2.209889807194965083e+00,-1.961409580490408144e+00,1.175171580951762174e+01
7.822102533695274307e-01,1.070806968865475994e+00,-9.306313797040722813e-01,1.123452519151653339e+00,-7.994505996798344227e-02,1.048751772277638494e+00,-2.828818194243882256e-01,4.731157221566285043e-01
-1.542188509078952441e+00,-1.589627993188679422e+00,-9.947963406104047834e-01,-6.425332789635300745e-01,-1.146497770916397263e+00,2.678159558162617956e-02,-7.809090191901199018e-01,1.909913502221398662e+00
4.412718412671975621e+00,3.232622913132917386e+00,-2.326149614226360740e-01,2.145548473198017891e-01,-2.340424299936020580e-01,1.682215210592497234e+00,-1.772337225532043758e+00,9.254579302206313862e-01
-1.183894116194332291e+01,2.311954168693323819e+00,-5.618710576735131967e-01,-2.755306747177344029e+00,-2.987313911291931134e-01,1.224194867891835320e-01,-5.461142152292303154e-02,-5.475232743504684363e-01
-1.715364692616892839e+00,2.607737076806155851e+00,-1.001894152357174939e+00,-1.318515346717139769e+00,-2.430744834717259995e-01,5.527632299884503025e-02,-5.231471719285597094e-02,2.268911187747149616e-01
2.159475697051214560e+00,2.880078590490124046e+00,-1.495225705800282689e-01,2.476087779484732465e+00,-1.224781191408401915e+00,-2.583405178807063773e+00,1.388386659509469823e+00,4.184865788675308229e-01
-3.222115666209703910e+00,-2.301866314750215192e+00,-1.496490643878499061e+00,-2.105149502291411012e-01,8.673309870073815375e-01,-4.448168389012067681e-01,7.740698165645236092e-03,3.792935553421710182e-01
-1.018704204296203741e+01,-3.541151945314422900e+00,-2.972973803950946792e-01,-4.273567630236838610e+00,-8.046800828657456606e-01,6.876311543081961020e-01,-3.277976743327736253e-01,1.979840409907832388e+00
4.736507386832737865e+00,3.319747523017425372e+00,-3.420206170454528904e-02,4.606427002839853735e+00,-8.594334807915550156e-01,1.312276621102637542e+00,5.277861401405674613e-01,4.703620927953250375e-01
2.055281063369721384e+00,2.514694058635917884e+00,-4.617897139392953543e-01,1.971004803454504239e+00,-7.483193799679238589e-01,-3.686417206369232424e-01,7.858818592690995641e-02,-5.999812175377998713e-01
4.459768382275854370e-01,7.465129886705154094e-01,-6.645171419474960040e-01,-1.430881984688864073e+00,-2.628249162246047432e-01,3.128458731711197816e-01,-8.949930406124335658e-01,2.360309429815790061e-01
4.189740645677808017e-01,-1.484450807909694081e+00,-2.751641176360063668e+00,8.452139627915082887e-01,1.652887797347336374e+00,2.628617861759154350e-01,-3.214571452410618368e-01,6.012100468629822947e-01
-1.911521701227480996e+00,-4.443937387792320060e+00,1.734943896568855282e+00,-2.598391661905504191e-01,1.618597802889634396e+00,1.149691089069460048e+00,-8.317248930854608258e-01,-5.952519980647060782e-01
-2.943312520770507312e+00,2.925065467153065590e+00,-3.290712104681161598e-01,-1.608220012958685663e+00,-7.218982536134090078e-02,6.759420311724363695e-02,-7.821963768075635981e-01,-6.057311174335917592e-01
3.937476958955667072e+00,-2.210370774658979798e+00,2.549149340850169310e+00,1.374248273620242433e-01,-3.451250861003477777e+00,-1.594680772222573317e+00,4.253033913482338890e-02,-2.075267670732786396e+00
-4.074312461717574330e+00,-5.466706125693091778e+00,8.457992498161951422e-01,1.436878982662465942e+00,8.574260175166033005e-01,4.530582807314832983e-01,-2.601482173459631619e-01,-6.535020072815358461e-01
-7.386533816945829223e+00,5.006124544582808866e+00,1.945370606087699406e+00,1.341133478869250828e+00,3.830660544070553508e-02,-5.338114768426588386e-01,-3.073954777182369424e-01,-1.528261608696247276e+00
2.875550853174941857e+00,-1.729868815485735567e+00,-1.265990979728575550e+00,-1.578833078219246566e+00,2.115240779314042363e-01,5.272120410338693164e-01,-1.219648069995417750e+00,-9.406521415317939394e-02
2.264706095561488830e+00,6.605821435869856269e-03,3.096960529300100684e-01,-1.561107710125800851e+00,6.477011937376964124e-01,2.562950336533083573e-01,5.946402117556739420e-01,6.893855704609018753e-01
4.079598499514117016e+00,4.163130203308877064e+00,7.810436653548425978e-01,2.829391044665794830e+00,-1.770067603816568857e-01,2.718775838608028517e-01,-2.029087658831889573e+00,-7.378678621626647560e-01
3.774421171160970978e+00,1.526614478802917674e+00,-8.411571187488927626e-01,3.108411566960600947e+00,-1.540968413338485554e+00,-2.710467520869954239e+00,1.650806533125735109e+00,1.351060524738491919e+00
-3.058383100255916975e+00,5.620210267803849469e+00,2.224226309643387189e+00,3.798413403864969506e+00,-1.077353023932399845e+00,-9.461601584924822506e-02,-3.450990912729216542e-01,-1.476806759178334261e+00
2.620491056801718122e-01,2.283837377354423825e+00,1.237682100114176453e+00,3.579488379275249876e+00,-2.962759790169737784e+00,5.157214089432141435e+00,3.647288305109294804e+00,1.934035328185423896e+00
-7.614588807590887853e+00,-8.106647225757447117e+00,-1.037685500323946464e+00,3.606615520976505618e+00,-1.631670823598671827e-01,-1.985332213446169281e-01,-1.665170909173049107e+00,1.600277572446261454e+00
-4.502248668403391330e-02,-3.118190404585024389e+00,-4.028178491844972009e-01,1.963349397948461306e+00,1.804067789528525978e+00,8.965058187379233434e-01,2.654758266565793168e-01,-1.036338084459814901e+00
4.288191016365380470e+00,-2.408804896983770760e+00,-4.097908938833924042e-01,3.570866985531448989e+00,-2.201772131724213821e+00,7.022290982111332180e-01,-2.048916166665855965e+00,7.869620235990107737e+00
-6.561034050326565392e+00,1.276146564576529752e+00,-1.202940492855654631e+00,-1.463718516995364372e+00,-8.116359252622979970e-01,-9.243363870087892842e-01,4.801348549827568202e-01,1.393898407732779843e-01
-3.639501755026465002e+00,-5.585151350682023619e+00,9.592958831890349147e-01,-2.762101742338656796e-01,-3.440549126690894077e+00,-2.057886647090380272e+00,-1.187775556947174432e-01,7.199281934151325224e+00
1.896278415355713953e+00,3.273700464140210098e-01,-1.139665946337276914e+00,3.172489269945825363e+00,-6.576090627946229450e-01,-5.007087513616972352e-01,-2.257589442554160941e-01,8.263815529339542110e-01
9.689179390455160412e-01,3.812810145693251163e-01,-7.728735338402662469e-01,-9.870373515996779812e-01,-9.175657006066193500e-01,-3.495653544459414452e-01,-2.207413847855319300e-01,5.197353725231972366e-01
3.817136645045914989e+00,7.000094992528802518e-01,-1.973627902943193346e+00,-7.941037881141961297e-01,9.375711071647195860e-01,-2.494074048287144851e+00,2.828537683777406553e+00,7.107007794858605232e-01
-2.827891701506119571e+00,4.467045457170459422e+00,2.221559622150193203e+00,-5.911072851293293073e-01,-9.636473980175829235e-01,6.393142888301651672e-01,-2.173704106183781182e+00,-2.921694470860030646e-01
-1.596963657503021050e-01,-2.048975423172818555e+00,-1.522694614659930945e+00,1.970756467751800578e+00,1.113479263429723032e+00,-9.835358561437647015e-03,2.305107865078221199e-02,9.739448627072003761e-01
-9.262985846993592176e+00,1.715232202785167415e+00,-1.222808890414961880e+00,-2.140631068606287712e+00,-1.297416687386321765e+00,-1.036322972533202602e+00,6.042177293053746512e-01,4.723126529147256836e-01
-2.274435301257323960e+00,4.894913520908989457e-01,-2.719047624350784176e+00,2.378872271091656554e+00,-6.789797200146587830e-01,9.595201883781004915e-01,1.973897976896362427e-01,5.615262105884049060e-01
1.423592229222363059e+00,-1.748031684506322181e+00,-1.386477405432179344e+00,3.340455975710571734e-01,1.746378869544866763e+00,3.657645983414516411e-01,-6.215438007756776129e-01,2.951348981049808917e-01
-1.147820628165144186e+00,-1.018622587171681859e+00,-9.460741091502591349e-01,4.435107609200056089e+00,1.544308608984751752e+00,4.103545767911968012e-01,3.515322221171460981e+00,-1.313538600615146823e+00
-6.853152647785544005e+00,8.901472208367955385e-02,-4.082163281053823312e+00,-2.412412055320763749e+00,1.397803671855476493e+00,7.239930581865223758e-01,-5.759653288206005861e-01,6.475982780053539667e-01
1.565323359449499963e+00,-2.364821311540907800e+00,-5.345390833802481090e-02,-1.545574437731728645e+00,-4.409444729783277950e+00,-1.810684883779824172e+00,-1.431530583345993479e-01,1.486326318368144994e+00
3.600279737383893952e+00,-1.513667921756625123e-01,3.203315399326712720e-01,-7.309044963862906252e-01,1.459355986353037649e+00,-2.469794107130428573e-01,1.340135737179099618e+00,4.501475826169291650e-01
-3.850292552017705372e+00,2.758296117711400708e+00,-7.313800498016725937e-01,-1.905039341666058039e+00,1.447110776550640798e-01,-8.687787602489049910e-01,6.438852833202688419e-01,-2.986832570926228336e-01
-9.106165771135700027e+00,4.164888358867218976e+00,1.282178803261822875e+00,-6.278101041690377082e-01,-4.141287113522290064e-01,8.088139736363979537e-01,-2.583170887782453296e-01,-6.127700515568329509e-01
-3.450696994602177270e+00,3.036113224914170239e+00,-1.725283534996799428e+00,-5.097634657488538945e-01,9.635405633888020072e-01,1.359028962196229928e+00,-1.301373381097496340e+00,4.807559790572413227e-01
1.815741039513243393e+00,-8.892744027440508958e-01,-1.151846454787067708e+00,-1.114813493968526137e+00,-3.182749113619469661e-01,5.103879504699815328e-01,-6.852879001383203050e-01,6.610804023569735177e-01
-5.752828570618716775e+00,4.743916629916921757e+00,3.581374079861928461e+00,-8.078158182629660566e-02,-3.285764726401440572e-01,6.260728043756565997e-01,-2.675514561189226814e+00,-1.115519787749828184e+00
2.265239181231809784e+00,-1.648973385400027691e+00,5.210070291290103128e-01,4.700360806455712304e-01,-4.833378766647224545e+00,-3.266666587898118479e+00,5.697256922091554765e-01,-1.799159199650830265e+00
5.012291894433884565e+00,-1.502514813417530348e+00,-9.821389813827233750e-01,-5.206120911580859323e-01,1.576697832208654892e+00,-5.586590364934976849e-01,1.670867251819203037e-01,-6.537732475496734752e-01
3.116865264001470681e+00,1.739472307176108901e+00,-5.848197483429121712e-01,-2.905955216226189908e+00,1.837830732992512983e+00,-3.086759814146555758e+00,5.429890293334350915e+00,1.448466101660262906e+00
-5.246746937777161612e+00,-6.136253459643865149e+00,1.636510425440295791e+00,-2.088904875987267040e+00,-8.068931963095447912e+00,-3.899785000220081788e+00,6.150126497009289483e-01,-2.101190456313855037e+00
1.831917207355841848e+00,1.835844227937734274e+00,-2.862258910989894822e+00,-1.516433904881216099e+00,6.468126198421139117e-01,5.780568985976970442e-01,-1.004003422612131713e+00,3.245813781097068862e-01
-1.527761281487205247e+00,-3.609030435314335872e+00,9.660816686477881055e-01,-1.598326605746702933e+00,1.389200855866582485e+00,1.025005729547061817e+00,4.407476369283043760e-01,-1.246873040738065042e+00
1.718139118929796316e+00,-4.354603234585868954e+00,-8.565685101395840162e-01,2.382249955172378808e+00,2.865006838241951126e+00,-8.859895163058963130e-02,2.536305908108800744e-01,-3.236718839574633244e-01
3.082280809773860319e+00,1.164877984729480870e-01,-1.853253899415990391e+00,1.587829328734929213e+00,1.535846987895370663e+00,1.569719326461976650e+00,-2.266447262404455432e-01,4.858929766960956576e-01
-2.925032823411591654e+00,3.647856782111405405e+00,4.590578410239781193e-01,-6.269513118011167674e-02,-2.002151995568395293e+00,1.406310765442391864e+00,-5.034772837507194287e-01,7.319276501717875139e-01
2.525346539170488569e+00,1.616805038173874776e+00,-1.488891685962921541e+00,-1.963119853399368120e+00,5.941876802430556825e-01,-1.036509632753216392e+00,1.559962150812894022e+00,7.514328042678005692e-01
1.225892914308344350e+00,-2.445004641249235888e+00,1.039081115633719188e+00,-2.655348301305026637e-01,1.953516474502679401e+00,7.626175683096785285e-01,-4.253890074739133942e-01,-1.331081782492913756e+00
-6.117511725324995986e+00,-3.716404731162548547e+00,-5.701209533452314959e-01,-3.197894752341059021e+00,2.166621538379815970e+00,5.033651647810047924e-01,-1.127063438012775309e+00,3.994870018123859723e-02
-9.106165771135700027e+00,4.164888358867218976e+00,1.282178803261822875e+00,-6.278101041690377082e-01,-4.141287113522290064e-01,8.088139736363979537e-01,-2.583170887782453296e-01,-6.127700515568329509e-01
-3.643758084764607830e+00,2.119086227691184821e+00,-2.905241514811552683e+00,2.736771078416447622e+00,1.032687485363114055e+00,1.640464031251916754e+00,4.926613158959287642e-01,-6.513503876714830942e-02
-7.296608633291155888e-02,1.862499960957348710e+00,-1.211870603444270555e+00,-3.160792920032505116e+00,5.432331866236895790e-01,-1.692591736194972052e+00,2.117210596144303736e+00,1.041440059336741664e+00
-1.330861415408417736e+00,3.281286067893259606e+00,-1.187087972246443135e+00,1.023953565130372029e-01,2.602679364659961636e-01,1.167020154288742395e+00,-1.740021775423158168e+00,2.209613977174892385e-01
-1.381871274781875103e+00,1.546967314358371759e-01,-6.677923951144671966e-01,4.152064557655090304e+00,4.912794683587507483e-01,-1.281441514431087836e-01,-5.381873211184931005e-01,3.776721721906441953e-01
-8.277627086574570470e-01,4.048448674702950889e+00,2.292100364881667022e-03,3.049031961681850422e+00,-2.024677486739941967e-01,-1.958604257998733944e-01,-1.362496261299957823e+00,-2.669664657566418464e-01
